For Black Eyes Only|human-cloning|irish-stereotype|toe-sucking|hair-dryer|cliffhanger|james-bond-spoof|tidal-wave|antarctica|blaxploitation|disgruntled-customer|extension-cord|detroit-michigan
Mishpacha|tv-mini-series
"Good-bye|character-says-great-day-in-the-morning|dressing|rhyme-in-title|magazine-advertisement|newspaper|search|missing-dog|bird-dog|coming-of-age|dogfight|reading|song|gunshot|cabin|reference-to-millard-fillmore|dead-mother|swamp|dead-rat|boy-dog-relationship|mother-son-relationship|axe|dog-chasing-a-dog|doughnut|food|sawing-wood|tourist|dead-duck|nightshirt|dead-chicken|dog-actor|memory|coffee|sense-of-smell|reference-to-mobile-alabama|hunting|saying-goodbye|money|naming-a-dog|hunting-dog|old-lyme-connecticut|bayou|black-american|tourist-attraction|pursuit|power-saw|snoring|title-spoken-by-character|porch|alligator|ducks-in-v-formation|cornfield|orphanage|running|rifle|lost-love|u.s.-president|training-a-dog|roebuckers|hound-dog|buttermilk|uncle-nephew-relationship|reference-to-god|mississippi|southern-u.s.|pascagoula-river|sleeping|illiteracy|eating|bed|hickory-nut|rowboat|singer|dog-kennel|20-gauge-shotgun|rocking-chair|quail|voice-over-narration|telegram|lantern|throwing-a-dead-rat-out-a-window|pickup-truck|killing-a-chicken|children|hunter|old-man|crying|punctuation-in-title|dog-cage|shotgun|prayer|laughing|water-rat|magazine|hyphen-in-title|bacon|book|sleeping-with-a-dog|lost-dog|squirrel|reference-to-moses|pascagoula-swamp|spelling|shopping-list|holding-an-axe-like-a-shotgun|false-teeth|whistling|writing|handshake|reward|box-office-flop|basenji|reference-to-jesus-christ|reading-aloud|reference-to-buffalo-bill|general-store|fireplace|based-on-novel|comma-in-title|reference-to-isis|quail-hunting|killing-a-rat|reference-to-john-brown|father-son-relationship|man-boy-relationship|orphan|tears|chase|dog|rope|singing|finders-keepers|african-american|carrying-a-dog-on-one's-shoulders|gumdrop|river
Metropolitan|secret-love|tempermental-star|first-of-trilogy|diva|metropolitan|audition|dialogue-driven|class-differences|farm|car-trouble|wrench|ambition|wealth|music-conductor|pianist|apartment|drinking-game|part-of-trilogy|seduction|hamptons|automobile|opera|new-york|socialite|competition|aristocracy|debutante|christmas|tea|fishing|opera-singer|marriage-proposal|loner|new-york-city|new-york-city|upper-class|independent-film|hotel|bus|student|preppie|teenager|chase|dog|philadelphia-pennsylvania
Penthouse - The World of Philip Mond|female-rear-nudity|female-frontal-nudity|penthouse|softcore
Modern Day Slaves: OFW Overseas Foreign Workers|hispanic|human-rights|asian-american|buddhist|islamic|latino|third-world|slavery|women|asian|christian|independent-film|educational|docudrama|jewish|african-american|religious
Gloire et fortune: la grande imposture|tv-mini-series
Sweating Indian Style|native-american|new-age|independent-film
Snoken|private-detective|house-boat|dog
Mafiosa|tv-mini-series
Gregorio|boy|character-name-in-title|children|child-labor|death-of-father
La Gerusalemme liberata|1500s
Home by Christmas|divorcee|christmas
60 Second Film School: You Too Can Be a Fight Choreographer|hand-to-hand-combat|kung-fu|mixed-martial-arts|martial-artist|fight-choreography|martial-arts-master|martial-arts|martial-arts-training|fighting-style
Below the Line|mockumentary|degeneration|low-budget|rin-tin-tin|making-of|independent-film|melodrama|dog
Jours tranquilles à Sarajevo|sarajevo|play
Dead Search|death|b-horror|google|search-engine|murder
The Witches and the Grinnygog|tv-mini-series
À nos profs bien-aimés|teacher
Hunger Strife|cartune-special|inspector|ranger|diet|bear
Who's the Caboose?|fake-documentary|film-industry|comedian|audition|mockumentary|television-industry|improvisation|satire|actress|showbiz|hollywood-california|boyfriend-girlfriend-relationship|documentary-filmmaking|new-york-city|los-angeles-california|independent-film|film-making|comedy-club|actor|talent-agent
(2002-05-17)|live-music|music-video|live-performance|lip-synching|pop-music|non-fiction|non-fiction|chart-show
Ball Is Ball (Be It Ever So Humble)|amateur|football|soccer
Vrouwenvleugel|prison|drugs|soap|lesbian|lesbianism
P.D. James|performer-name-in-title|character-name-in-title|period-in-title
Earthlight|independent-film
Peeping Pete|character-name-in-title
Jean Kent|character-name-in-title
The Lost Ball|2d-animation
"Bert Rigby|character-name-in-title|showbiz
Wunschkind|women|docudrama
The Fortune Cookie|insurance-fraud|american-football|cameraman|racist-remark|ford-mustang-fastback|law|injury|satire|whirlpool|male-bonding|friendship|crooked-lawyer|insurance|cynicism|racism|football|wiretap|hospital|whistler's-mother|surveillance|fraud|cleveland-browns|food-in-title|friendship-between-men|nun|irreverence|scam|nurse|lawyer|extramarital-affair|ex-husband-ex-wife-relationship|crisis-of-conscience|lawsuit|golddigger|divorce
Prima pagare poi ricordare|based-on-novel
Drie dozijn rode rozen|based-on-play
(#49.23)|conundrum|number-game|math-whiz|oxford-english-dictionary|vocabulary|wordsmith
Who Is Landyn Banx?|audition|knife|impostor|landyn-banx|black-and-white
The Changing Face of Evil|24th-century
Assignment K|west-germany|spy|secret|europe|agent|independent-film|england|austria|based-on-novel
600 000 francs par mois|based-on-play|number-in-title|based-on-novel
Xin tian long ba bu zhi tian shan tong lao|wuxia|based-on-novel
Vauhtia - Tempo 1-2|forest|sawmill|wood-pulp-mill|wood-industry|timber|paper-industry|lumberjack|forest-industry|logger
Tiempo real|criminal-gang|double-cross|long-take|single-take|caper|mexico|heist|betrayal|armored-car-robbery|murder
Jill's Birthday|bloopers-during-credits
Behind the Tunes: Strictly for the Birds - Tweety & Sylvester's Award Winning Team-Up|looney-tunes
Lisa i zayats|forest|rooster|homelessness|wolf|fairy-tale|fox|bear|animal-in-title|based-on-folk-tale|wilderness|rabbit|bull
Poker d'As|character-name-in-title|based-on-novel
(#22.26)|conundrum|number-game|math-whiz|oxford-english-dictionary|vocabulary|wordsmith
Russian Playground|paintball|teenager
The Crimson Flash|serial
'Der Schlunz - Die Serie' - Das Making of|movie-connection-in-title|interview|making-of|behind-the-scenes
La fin de Charles le Téméraire|based-on-novel
Fiona Cooper DVD 199|striptease|lingerie|breasts
Der Glockengießer von Tirol|heimatfilm|jealousy|rural-setting|territory-name-in-title
The Tutu Fairy|fairy
The Mighty Casey|baseball|narrator|character-name-in-title|narration|title-based-on-poem|robot
Hellraiser: Deader|hook|hit-by-a-subway|pinhead|subway|seventh-part|bare-breasts|wrist-slitting|crack-house|hole-in-torso|lifting-someone-into-the-air|newspaper-office|chosen-one|lifting-female-in-air|topless-female-nudity|woman-wearing-only-a-man's-shirt|suicide|kneed-in-the-groin|journalist|blood-spatter|good-versus-evil|stabbed-in-the-chest|gore|snuff-film|sequel|shot-in-the-head|male-full-frontal-nudity|torture|destiny|bad-smell|lesbian|back-from-the-dead|chain|hallucination|male-nudity|independent-film|stabbing|severed-hand|romania|female-nudity|lesbianism|insane-asylum|bath|flashback|handcuffs|male-rear-nudity
Mars: The New Evidence|mars-express-probe|mars|methane|dust-storm|mars-odyssey-probe|snow|hydrothermal-vent|playing-guitar|laser|mars-reconnaissance-orbiter|martian-meteorite|olympus-mons|magnetic-field|spectroscopy|movie-clip|radio-dish-antenna|analogy|life-on-mars|dry-lightning|phoenix-mars-lander|climbing-wall|hematite|year-2006|aurora-borealis|year-2010|lab-experiment|ferric-oxide
"Aww|party|public-humiliation|monster|prank|underwear|locker-room|undressing
Star Wars: The Legacy Revealed|colon-in-title|five-word-title
La fiesta del chivo|dictator|based-on-novel|father|murder
The Music of Kurt Weill: September Songs|independent-film
The Making of a Leader (1919-1968)|canada|prime-minister|politician
Un ángel de la calle|based-on-book
Ikaruv pád|alcoholism
Far til fire på landet|single-parent-family|third-part|family-relationships|sequel|children|country-city
The Broken Doll|native-american|british-blonde|human-hair|melodrama|dolls
(#1.4749)|kissing|therapy|bed|love|hugging
Friday Night with Jonathan Ross|friday|day-in-title|interview|performer-name-in-title|british-comedy|late-night|musical-guest|celebrity-interview|name-in-title|five-word-title
(#1.9843)|drinking|kissing|dancing|jealousy|love
Die Nacht ist heller als der Tag - Das kurze Leben des Malers Andreas Walser|reenactment
Kids' Ten Commandments: A Life and Seth Situation|bible|number-in-title|character-name-in-title
Varsity Show|fraternity-pin|theatrical-producer|theater-owner|dancer|theater-producer|theater|national-guard|hazing|tutoring|college-student|examination|singer|mayor|professor|amateur-theater|college|new-york-city|show-business|police|director|financial-crisis|mistaken-identity|mumps
Xenosaga Episode III: Also Sprach Zarathustra|fictional-war|space-war
Trachtenburg Family Slideshow Players: Off and on Broadway|trachtenburg-family-slideshow-players
The Helping Hand|melodrama
The Bolshoi Ballet|ballet|dancer|performance|dance|stage
"Box|box
The Drop In|environmental-activism
Billard à l'étage|vengeance
Johari Window|loading-gun|pump-action-shotgun|police-officer-shot|police-officer|police-officer-shot-in-the-back|state-trooper|playing-chicken|police-officer-shot-in-the-chest|flashlight|butterfly|operation-game|police-officer-killed|shootout|moth|transformation
Laurel Avenue|parent-child-relationship|drug-dealer|drug-addict|minnesota|police-officer|husband-wife-relationship|family-relationships|crack-cocaine|church|st.-paul-minnesota|interracial-relationship|minneapolis-minnesota|african-american
Le rendez-vous perpétuel|pregnancy|abortion|nightmare|nurse|doctor
The Green Berets|exploding-bridge|jeep|explosion|death|bodyguard|double-agent|grenade-launcher|capture|wilhelm-scream|special-ops|prisoner-of-war|elitism|ak-47|publicity|boots|airplane|patrol|bayonet|child-murder|forest|combat|child-with-gun|lifting-person-in-air|attack|shot-in-the-chest|knife|bomb|military-life|kidnapping|double-cross|battle|punched-in-the-chest|restaurant|military-leadership|saboteur|bare-chested-male|vietnam|booby-trap|mortar|hand-to-hand-combat|fighter-pilot|captain|army-life|color-in-title|revenge|blood|explosive|bombardment|lieutenant|hanging|general|escape|siege|beach|mission|deforestation|m-16|dog-tag|journalist|farmer|heavy-rain|blood-spatter|directed-by-star|father-figure|beret|press-conference|stabbed-in-the-chest|seduction|smoke|night-vision-binoculars|action-hero|rocket-launcher|death-of-friend|secret-mission|m-60-machine-gun|impalement|exploding-building|sergeant|parachute|medic|rifle|controversial|falling-from-height|bridge|smoke-grenade|refugee|blood-on-shirt|shot-in-the-head|u.s.-army|last-stand|propaganda|helicopter|binoculars|air-base|undercover|little-boy|dead-animal|war-victim|cigarette-lighter|female-in-bra|knife-throwing|gun|vietnam-war|model|machine-gun|guitar|top-secret|airfield|american-soldier|hand-grenade|deception|shot-in-the-back|limousine|spy|body-in-trunk|pistol|bulldozer|jungle|arm-sling|mansion|tough-guy|casualty-of-war|green-beret|walkie-talkie|exploding-helicopter|landmine|stabbed-in-the-back|motorcycle|freedom-fighter|ambush|target-practice|helicopter-crash|battlefield|war-violence|gunship|crossbow|jumping-from-an-airplane|colonel|vietcong|nco|military|firearm|knife-fight|massacre|machete|uniform|fighter-plane|stretcher|war-refugee|korean-war-veteran|based-on-novel|evacuation|martial-arts|corpse|soldier|female-spy|shot-in-the-face|special-forces|gatling-gun|doctor|orphan|undressing|army-base|dog|violence|three-word-title|hero|karate|vietnamese-soldier|murder|river
Rosalie et Léontine vont au théâtre|character-name-in-title
Cómo seducir a una mujer|question-in-title
Comic Relief III|tv-special|comic-relief-the-charity|sequel
Max in the City|character-name-in-title
Der Kinematograph|silent-movie
The Night of the Strangler|woman-drowned|brother-brother-relationship|dead-woman-stripped|murder-of-wife|drowning-in-a-bathtub|murder-of-sister|dead-woman-in-bath-tub|racism|dead-woman-being-stripped|death-by-snakebite|independent-film|death-of-sister|murder-disguised-as-suicide|pregnant-woman-murdered|dead-woman-with-eyes-open|murder
Das Ende vom kleinen Glück|kissing|scolding|brother-brother-relationship|bare-chested-male|bed
Gubijinsô|father-daughter-relationship|promise-of-marriage|seduction|teacher-student-relationship|based-on-novel|family-honor|orphan
Bernhard Kimmel - der Al Capone aus der Pfalz|armed-robbery|germany|murder
Chastine|charlie-chaplin
Da Istanbul ordine di uccidere|woman-shot|pantyhose|death-of-woman|espionage|dead-woman|stockings|shoe|close-up|microfilm|dead-woman-on-floor|high-heels|shot-to-death|based-on-novel|woman's-shoe
Making Stuff: Stronger|metallurgist|ceramic|slow-motion-scene|wine-glass|tensile-strength|elevator|genetic-engineering|lego|compressive-strength|wind-turbine|molecular-model|dirt-track-racing|suspension-bridge|periodic-table-of-the-elements|silly-string|toucan|silk|milk-and-cookies|chalk|drag-line|toughness|protein|nylon|aircraft-carrier-landing|clay|reference-to-harold-edgerton|grumman-a-6-intruder|abalone-shell|shoes|kevlar|iron|uss-john-c.-stennis-aircraft-carrier|milking-a-goat|f-18-hornet|reference-to-wallace-carothers|.22-calibre-bullet|aluminum|grumman-c-2-greyhound|some-scenes-animated|chemical-structure|ejection|steel|spider-silk|arresting-cable|calcium|slinky|hexagon|carbon
Welcome to Mooseport|ring|retirement|political-campaign|diner|upskirt|airplane|debate|moose|plumber|wager|architect|cheating|media-circus|small-town|first-lady|restaurant|dating|golf|voyeur|cleavage|hardware-store|beach|date|scantily-clad-female|drunkenness|lead-actor's-last-film|panties|blue-panties|pride|u.s.-president|maine|secret-service|black-panties|bar|donkey|pink-panties|helicopter|fantasy-sequence|mayor|honesty|farce|pickup-truck|tv-news|jogging|fight|voyeurism|marriage-proposal|election|jealousy|mating-animals|yellow-panties|underwear|male-nudity|veterinarian|independent-film|box-office-flop|white-panties|public-nudity|town-politics|red-panties|doctor|dog|tarmac
Recht van antwoord|judge|non-fiction|dispute
"Eventyret om dansk film 6: Festligt|number-in-title|1930s|sequel
Petróleo en Ecuador: Una historia de energía humana|amazon-rainforest|oil-company
Bus Takedown|speed|spike|bullrun|rally|goldberg
Ben yüe|moon-fairy|mooncake|august-15
Prairie Moon|romantic-song|ranch|undisciplined-child|sing-along|deputy-sheriff|fistfight|western-swing|song|inheritance|runaway-horse|cattle-rustling|ruse|comic-lyric|sheriff|slang|waterfall|car-chase|one-room-schoolhouse|misdirection|falling-off-horse|revenge|judge|executor|police-car|cowboys-and-outlaws|posse|whipcracking|guardian|will|impostor|western-band|control-of-property|singing-cowboy|hideout|dangerous-prank|whip|estate-executor|heir|safe-deposit|runaway-buckboard|school|yodel|hidden-canyon|schoolteacher|adoption|ambush|shootout|contemporary-west|comic-sidekick|chicago-illinois|gunfire|fire|attempted-murder|orphan-brothers|lasso|western-music|gunfight|orphan|chase|barn-dance
Sprout|sitcom|alternative|human-rights|buddhist|unemployment|tv-mini-series|student-film|women|children|christian|independent-film|puppetry|educational|spiritual|flat-share
Reactionary|humvee|war-on-terrorism|desert|war-crime|delta-force|u.s.-army|military|afghanistan|soldier|special-forces
Dad... Can I Borrow the Car?|avant-garde|family-relationships|automobile|drivers-ed|1960s|hot-rod|teenager|experimental-film
Son of Hitler|hitler|character-name-in-title|independent-film
Sansone|mercenary|samson|muscleman|greco-roman-wrestling|beefcake|rescue|legendary-hero|adventure-hero|bare-chested-male|shield|hand-to-hand-combat|steel-helmet|peplum|cult-hero|hercules|tyrant|one-man-army|action-hero|beefcake-martial-arts|character-name-in-title|sword|soldier-of-fortune|dictator|bare-chested-male-fighting|tough-guy|gladiator|strongman|spear|warrior|martial-arts|bare-chested-male-bondage|sword-fight|wrestling|army|chase|violence|disarming-someone|hero
That Rhythm... Those Blues|reenactment|independent-film
Avenida de Mayo 1063|number-in-title|soap|soap-opera
A Small War: Part 1|medical-examination
Le guetteur|bank-robber|female-full-frontal-nudity|money|woods|sniper|gangster|throat-cut|police|identity|female-nudity|rooftop|chase|paris-france|murder|police-investigation
Cântico Final|based-on-novel
Charlesworth at Large|character-name-in-title|scotland-yard
(#33.26)|conundrum|number-game|math-whiz|oxford-english-dictionary|vocabulary|wordsmith
Grace & Glorie|regret|death|based-on-play|reminiscence|character-name-in-title|friendship|dying|punctuation-in-title|caregiver|hospice|ampersand-in-title|widow|respect
Ultra MusicFestival Experience 2005|tiësto|electric-daisy-carnival|music-conference|ultra-music|electronic-music|dance-music|ultra|ritm|ultra-records|winter-conference|bubble|music-festival|rave-music|dance-music-festival
Jamie Lee Curtis/James Brown/Ellen Shipley|pokies|bra-less|nipples-visible-through-clothing|clothespin|clothespin-on-nipples|t-shirt|nipple-pinching
Bakkerij Samson|scolding|jealousy
The Superhero|super-powers|chinese-carryout-food|superhero-costume|insurance-fraud|newspaper-clipping|grandmother-grandson-relationship|comic-book-collection|faked-death|chinese-takeout-box|grandmother|superhero|life-insurance|hanging-from-a-ledge|superhero-spoof|comic-book-collector|burning-building|gun-running|duffel-bag-full-of-money|locked-in-a-basement|safe-full-of-money|squeegee|storage-unit|fall-from-height|night-vision|reference-to-superman|reference-to-the-hulk|old-lady|x-ray-vision|homeless-teenager
J. Lyle|independent-film
24 mesures|female-nudity
Eagle of the Night|serial
Africa11|human-rights|third-world|african|docudrama
Mighty Mouse in the First Snow|super-powers|capture|song|forest|mighty-mouse|rescue|trapper|trap|parody|animal|snow|series|villain|escape|terry-toon|mouse|pursuit|menace|hunger|winter|spoof|jolly-frolics|character-name-in-title|duplicity|woods|singer|theme-song|deception|fox|oily-hair|rabbit's-foot|chase|hero
Ringading Brothers|batfink
Speckle Bird|hit-with-a-blackjack|artist|wheelchair|jail-cell|paralyzed|horse-trailer|father-son-relationship|falling-off-a-horse
Kaptein Sabeltann og jakten på den magiske diamant|character-name-in-title
Tokusô saizensen 2012 - bakuha 0.01 byô mae no onna|tv-mini-series
Animal Cracker Circus|color-rhapsodies|scrappy-the-character|surrealism
Captive of Billy the Kid|henchman|horse
I Came Upon a Midnight Fear|north-pole|wilderness
Throwdown|blog|blackmail|fitness|sister-sister-relationship|crossfit|failing-class|obstetrician
The Vatican Tapes|place-name-in-title|country-name-in-title|exorcism|city-name-in-title|video-tape
The Giant Claw Robberies|human-animal-relationship
Big Nickel|police|toronto-ontario-canada
Yes I Can|disabilities|extreme-sports|spanking
Fu quan|fight|martial-arts
It's a Woman's World|anthology
Runaway Universe|telescope-mirror|type-1a-supernova|dark-matter|white-dwarf|reference-to-einstein|fog|liquid-nitrogen|dark-energy|red-shift|golden-age-of-cosmology|astrophotography|reference-to-edwin-hubble|helium-balloon|duct-tape|some-scenes-animated|local-group-of-galaxies|spectrum|red-dwarf|hubble-space-telescope
Where Do You Stand? Stories from an American Mill|union
Bedevilled Rabbit|bear-trap|dynamite|reference-to-bugs-bunny|tasmanian-devil|merrie-melodies|parachute|tasmania|drag-costume|jungle|surrealism
Álmodik az állatkert|zoo|animal|nature
The Abominable Snow Rabbit|albuquerque-new-mexico|hyperbolic-elongation|abominable-snowman|looney-tunes|reference-to-bugs-bunny|yeti|duck|reference-to-daffy-duck|fake-rabbit-ears|bigfoot|rabbit-suit|stupidity|himalayas|cult-film|sasquatch|hyperbolic-physical-distortion|surrealism|palm-springs-california|rabbit
Bong & Donnell|character-name-in-title
Alpsee|gay|youth|gay-interest|experimental-film
Kounterfeit|independent-film
Cold Turkey|stray-dog|ice-box|cold-turkey|cartoon-dog|painting-a-room|contest|no-cast-of-characters-credits|publicity|smoking|television-production|turkey-the-bird|turkey-the-bird|halloween|pluto-the-character|hit-with-a-rolling-pin|talking-to-the-camera|cartoon-cat|black-boy|axe|animal-abuse|media-circus|small-town|separated|urination|wet-paint|employer-employee-relationship|cigarette-smoking|sibling-rivalry|surgery|covered-in-paint|kitchen|tourist-attraction|police-officer|raffle|apartment|oswald-the-rabbit|rolling-pin|satire|water-cooler|surgeon|crabbiness|ink|sequel|turkey-as-live-animal|awning|co-worker|helicopter|alcoholic-drink|air-base|based-on-comic|commercial|black-woman|christmas|falling-through-an-awning|gunshot-wound|goofy-holler|gun-shaped-lighter|madcap-comedy|iowa|church|paint|employee|landlord|smokestack|hiccup|part-live-action|craziness|greed|heartland|breaking-the-fourth-wall|surrealism|military|paint-bucket|preacher|policeman|thanksgiving|slapstick-comedy|based-on-novel|anti-communist|massage-parlor|television|telephone-call|coughing|spilled-paint|ticket|wrestling|apartment-building|painted-floor|mutt-and-jeff|parrot|quitting-smoking|rabbit|office|boss|ink-stain
"Ci risiamo|drinking|lemon|sidekick|gunshot|roulette|blowtorch|lego|hot-air-balloon|ice-skating|talking-to-the-camera|tapping|captain|bird-poop|roulette-wheel|musical-number|asian-man|money|cork|firing-squad|spaghetti-western|rescue-from-drowning|sham-marriage|gadgets|satire|dancing-girl|spoof|fat-guy|gold|tucson-arizona|roulette-game|bet|ricocheting-bullet|bullet|water-pistol|crook|horse-riding|blinding-light|advertisement|independent-film|magnet|man-dressed-as-woman|mouth-to-mouth|oil-slick|slapstick-comedy|comanche-tribe|martial-arts|sword-fight|falling-off-a-horse|mustache
(2004-03-26)|live-music|music-video|live-performance|lip-synching|pop-music|non-fiction|non-fiction|chart-show
"Vukovar|male-nudity|female-nudity|male-frontal-nudity
Impaler|one-word-title|vampire|minnesota|satanic|unicorn|character-name-in-title
The 14th Annual Grammy Awards|tv-special|number-in-title|awards-show
Einmal hunderttausend Taler|based-on-play
The Pecos Pistol|sidekick|song|gunman|killer|remake|gang-leader|investigator|killing|archive-footage|1880s|usa|held-at-gunpoint|texas|falling-off-horse|revenge|outlaw|series|gang-member|pursuit|henchman|singing-cowboy|brother|rifle|showdown|vindication|gang|guitar|stock-footage|texan|murderer|b-western|death-of-brother|lawman|musician|murder-victim|ambush|gun-battle|gunfire|investigation|western-music|b-movie|chase|violence|singing|texas-ranger
Tansuwarashi.|punctuation-in-title
Farm of Tomorrow|stool-pigeon|disposal-unit|dove|christmas-tree|cartoon-cow|orange|pig|anthropomorphism|future|slot-machine|high-chair|garter-snake|racetrack|fir-tree|poultry|banana|egg|cartoon-stork|insect|cartoon-cat|umbrella|invention|animal|cartoon-horse|long-underwear|farm|customer|milk-bottle|pole|corn|cartoon-pig|kitchen-sink|goat|cartoon-skunk|racehorse|snake|dachshund|grapefruit|duck|stork|giraffe|slip|beaver|narrator|jumping-bean|apartment|cow|livestock|paddling|milkweed|garbage-disposal|hog|centipede|tree|breeding|cartoon-insect|delivery-stork|incubator|narration|multiple-narrators|cartoon-goat|rejection|talking-animal|chick|bad-smell|panting|christmas|voice-over-narration|tomato|polecat|spanking|cartoon-bird|cartoon-duck|chicken-as-live-animal|baby|bird|leg|elk|buttercup|cartoon-owl|owl|cartoon-parrot|calendar|skunk|spoof-of-modern-inventions|potted-plant|talking-bird|anthropomorphic-animal|ostrich|pinball-machine|sheep|milking|house-fly|parrot|garter|kangaroo|silkworm|cat|cartoon-chicken|cowslip
O'Shaughnessy's Boy|elephant|party|sister|private-detective|aunt-nephew-relationship|boa-constrictor|animal-trainer|train|south-bend-indiana|sister-in-law|circus-train|cigarette-smoking|steel-cage|vaudeville-act|1930s|monkey|drunkenness|circus|circus-clown|amputee|character-name-in-title|duplicity|stag-party|death-of-mother|dubuque-iowa|evanston-illinois|mental-illness|stock-footage|mauling|trapeze-artist|deception|tavern|missing-person|child-custody|fire|hoop-of-fire|three-ring-circus|military-school|brother-in-law|parade|father-son-relationship|fear|doctor|tiger|calliope|dog|school-superintendent
Kapitein Rob en het Geheim van Professor Lupardi|character-name-in-title
Gang Wars|assault-rifle|chinatown-manhattan-new-york-city|evil-gang|subway|technique|urban|street|young-woman|fighter|blood|arcade-game|antagonist|martial-artist|gang|gang|two-word-title|flamethrower|gangster|punk|beat-em-up|new-york-city|demon|independent-film|supernatural|firearm|cut-scene|hoodlum|city|city|martial-arts|fighting|obstacle|fighting-style|gang-war
Premise of Duality|christian|spiritual|african-american
Oliver's Double|hooterville
Great Arias: The Cunning Little Vixen|aria|opera
The Cross: The Last Hour of Jesus Christ|character-name-in-title|reference-to-jesus-christ
Celebrity Boxing 2|tv-special|boxing
...und nichts als die Wahrheit|based-on-novel
Little CEO: Riskier Business|women|children|independent-film
The Big Record|singing-in-shower|recording-music|recording-song|recording-device|recording|singing-in-the-shower|reference-to-nelson-eddy|playing-violin|violin|violin-player|violin-solo|string-quartet|music-recording|recording-machine
Societetshuset|tv-mini-series
(#1.10246)|scolding|hospital-gown|love
New York City... Come Visit the World|independent-film
Eradicating Aunty|character-name-in-title|actor-shares-first-name-with-character
Arrival and Departure of President Loubet|character-name-in-title|president
The Becquer's Guide|tv-mini-series
Los pequeños privilegios|maid|class-differences|tourist|pregnancy|poverty|wealth|marriage|sacrifice|abortion|teenager
Midnight Rx|time-in-title|canadian-stereotype|2d-animation
TV in Black: The First Fifty Years|entertainment|television|black-comedy|african-american
King René's Daughter|apostrophe-in-title|character-name-in-title|punctuation-in-title
Pulse: A Stomp Odyssey|imax|dance
Imro Fox Rabbit Trick|magic|rabbit
Mr. Headmistress|tickled-with-a-feather|gender-disguise|character-name-in-title|girls'-school|teacher|school|headmistress|cross-dressing|jail
10 Years|number-in-title|high-school-reunion|digit-in-title|old-friends-reunited|reunited-friends|reunion
Rembrandt: The Withdrawal|painting|seventeenth-century|painter|netherlands|criticism
Ask hirsizi|street-musician
Sunday Dinners at Mom's|apostrophe-in-title|day-in-title|punctuation-in-title
La folie des grandeurs|servant|king|secret-plot|spoof|licking-dog|cult-film|spain|poisoned-cake|undressing|parrot|queen|deafness
I Wanna Be a Republican|fake-documentary|gay|mockumentary|concert|drag
O 8º Centenário da Tomada de Lisboa|number-in-title
Vorstadtkrokodile|first-part|animal-in-title|based-on-novel
The Story of Gilbert and Sullivan|based-on-book|gilbert-and-sullivan
I Know My Kid's a Star|stage-mom|punctuation-in-title|show-business|non-fiction
CXL|self-obsession|rock-bottom|mission-district-san-francisco|imagination|career|author|writer|ego|book|boy-meets-girl|obsession|magical-realism|objectification|bookstore
L'olimpiade nascosta|tv-movie
Dans la gueule du loup|foreign-language-adaptation|animal-in-title|based-on-novel
The Final Play|detective|stage-play|serial-killer|police|actor
Houston Medical|motorcycle-accident|physician|cancer|hospital|paramedic|pediatrician|nurse|houston-texas
What's Woz's Love Got to Do with It|humane-society|segway-polo|segway|fundraiser|silicon-valley
Brideless Groom|piano-accompanist|gold-digger|song|man-kissing-man|the-three-stooges|inheritance|public-domain|printing-press|splashed-with-water|telephone-booth|biting-hand|ironing-clothes|piano-closed-on-hand|marriage-license|grand-piano|comic-violence|phonograph|will|straight-razor|bad-singer|wedding|smothered-with-kisses|shaving|tailoring|nickel-the-coin|face-slap|marriage-proposal|hit-on-the-head-with-a-rifle|two-in-a-phone-booth|phone-booth|biting-fingernails|wedding-ceremony|music-teacher|slapstick-comedy|mistaken-identity|leg-hold-trap|actor-shares-first-name-with-character|pulling-hair-out|female-singer|bird-cage
Deliver Me from Me|insanity|crazy|multiple-personality|party-girl|housewife|communist|schizophrenia|suddenly-unexpected|love
Gentleman's Fate|apostrophe-in-title|bootlegging|parentage|jersey-city-new-jersey|class-distinction|punctuation-in-title|murder
A Duo of Damsels|vignette|bondage|softcore
The Blue Hour|anglo-american|picnic-at-cemetery|death|retirement|generation-gap|homeless-person|hispanic|traffic|hip-hop|latino-american|loss-of-daughter|shaving-cream|hotel-hallway|childhood|glasses|graffiti|interlinked-stories|busker|backpack|street-life|witness-to-an-accident|family-tragedy|portrait|social-commentary|acceptance|ipod|graffiti-artist|family-photograph|happiness|mother-son-relationship|anger|island|recycling|california-institute-for-technology|car-accident|asian-american|staring-into-space|playing-music-by-sickbed|home-video-footage|cigarette-smoking|retiree|color-in-title|asian-store-keeper|hardware-store|faith|clown-face|awkward-silence|california|separation|medication|camera-repair|astronomer|dawn|kitchen|busking|apartment|pursuit|hospital-staff|briton-abroad|running-over-a-pedestrian|sleeping-outside|loss|hit-by-car|blues-singer|husband-wife-relationship|mural|haunting-music|loss-of-wife|loss-of-child|photograph|running|street-musician|bridge|spray-paint|loss-of-father|hope|cemetery|mexican-american|shaving|tunnel|latina|death-of-mother|nonlinear-timeline|mental-illness|clown|loss-of-mother|river-bank|camera-repair-shop|mother-boyfriend-relationship|mother-daughter-relationship|headphones|marriage|couch|single-room-only-hotel|guilt|compassion|crying|patient|silence|senior-citizen|sandwich|tv-news|donation|school|pensioner|los-angeles-river|professor|musician|celebration|loner|italian-american|dining-room|tv-reporter|living-room|haunting-voice|muralist|caltech|bedroom|immigrant|obsession|reconciliation|tuning-out|camera-repairman|neighbor|los-angeles-california|alienation|independent-film|independent-film|bakery|child-in-peril|sketch-pad|birthday-party|blues-guitar|hospice|lunch|skipping-school|guitarist|surveillance-camera|routine|razor-blade|baseball-hat|knit-cap|widower|flashback|drowning|telephone-call|twilight-years|water|playing-hooky|grieving-mother|multiple-storyline|armenian-american|grief|chase|creativity|walking-stick|grocery-cart|african-american|depression|armenian|film-with-ambiguous-title|river
Million Dollar Weekend|stockbroker|airplane|public-domain|wanted-for-murder|number-in-title|blackmail|attaché-case|stolen-briefcase|san-francisco-california|coincidence|napoleon-brandy|boardinghouse|appointment|hawaii|saturday|los-angeles-california|thief|wall-safe|honolulu-hawaii|embezzlement
Louisiana Territory|3-dimensional|louisiana
The Concert for World Children's Day|concert-film
A Portrait of Elizabeth|car-chase
Un culebrón mejicano|independent-film
Chetzemoka's Curse|apostrophe-in-title|dogme-95|two-word-title|punctuation-in-title|hotel
Hermie: A Common Caterpillar|evangelical
Welcome @ Ithaka?|initiation-rite|public-exposure|rent|testament|abuse|hazing|dorm-room|funeral|lap-dance|father-son-relationship
Jezebeth|vampire|blood
Blumenstein Fernand - bláznuv príbeh|based-on-novel
Le manoir du diable|witchcraft|trick-film|mephistopheles|vampire|human-skeleton|19th-century|evil-witch|supernatural-horror|gothic|christian-cross|undead|trick-photography|book-of-magic|cauldron|phantom|ghoul|ghost|demon|skeleton|supernatural|17th-century|witch|cross|devil|cross-protects-against-evil|lord|sabbath|castle|1890s|bat
Iran and the West|politics|war-on-terrorism|middle-east|1990s|nuclear-power-plant|country-name-in-title|iranian-revolution|international-affairs|iraq-iran-war|1980s|nuclear-science|political-leader|world-politics|nuclear|eu|american-politics|iran-contra|2000s|iran-hostage-crisis|iran|superpower|iran-usa|territory-name-in-title
My Happy End|3d-animation|stop-motion|surrealism|hand-drawn-animation|dog
Mano po III: My love|chinese-culture|filipino|martial-law|number-in-title|third-part|chinese|sequel|numbered-sequel|classmate|roman-numeral-in-title|love|sequel-by-name-only|filipino-chinese
A Festival at Ford's|tv-special
"Il viaggio a Reims ossia l'albergo del Giglio d'Oro|live-performance|opera|coronation|italian-opera|reims
Howling Brat|werewolf|black-comedy
Bananera libertad|third-world
Niskavuori taistelee|death|civilians-at-wartime|country-life|world-war-two|based-on-play|farm|last-will-and-testament|matron|farmer|family-relationships|headstrong-woman|remorse|death-of-mother|old-age|dying|year-1944|heritage|continuation-war|family-saga|homefront|death-of-father|wartime|strong-woman|1940s|family-farm|countryside
Especial Nochevieja 1970|number-in-title|year-in-title|1970s
Het verrassingsfeest|party|gift
Ianthe|vampire
Hennes lilla majestät|based-on-play|based-on-play|priest|bishop|speeding-car|traffic-accident|soccer
Daniel Tosh: Completely Serious|live-audience|standup-comedy
Attention une femme peut en cacher une autre!|love-triangle|estranged-couple|marriage|child-nudity|deceit
Ogoreru eiyû|volleyball|anime|soccer
Krach|color-in-title
Ohrfeigen|based-on-novel
As Written: Robin Thicke|tv-mini-series
C.B. DeMille Biopic|hollywood|paramount-pictures|based-on-novel
The New Champ|cartoon-cat|krazy-kat|cat
The Merry Old Soul|lifted-by-helium-balloon|man-crying|wash-tub|opera-singing|reference-to-paul-whiteman|fingernails-as-typewriter|clock|shutting-window-on-someone|cartoon-fish|towel|reference-to-joe-e-brown|anthropomorphism|brat|tom-tom-the-piper's-son|reference-to-zasu-pitts|reference-to-ed-wynn|cat-and-the-fiddle|old-king-cole|old-king-cole|rubbing-eyes|babies-on-conveyor-belt|cow-jumped-over-the-moon|peter-peter-pumpkin-eater|reference-to-the-marx-brothers|kidnapping|cartoon-horse|reference-to-mae-west|typewriter-gag|narrated-by-chorus|anthropomorphic-tooth|it-was-all-a-dream|cartoon-sheep|cartoon-sheep|cartoon-pig|paper-towel|reference-to-charlie-chaplin|diaper|sweating|king|king|female-slaps-male|dungeon|merrie-melodies|oswald-the-rabbit|reference-to-al-jolson|reference-to-jimmy-durante|shoe|talcum-powder|confetti|humpty-dumpty|humpty-dumpty|pie-fight|family-relationships|blackbird|two-strip-technicolor|wedding|cartoon-worm|reference-to-greta-garbo|reference-to-w.c.-fields|falling-from-height|reference-to-laurel-and-hardy|reference-to-buster-keaton|anthropomorphic-statue|crying-baby|peter-piper|mother-goose|jester|storybook|horse|reference-to-roscoe-ates|mary-had-a-little-lamb|celebrity-caricature|torture|safety-pin|popping-balloon|stove|violin|dream-sequence|dentist|large-family|pie-in-the-face|anthropomorphic-spoon|windshield-wiper|windshield-wiper|old-woman-who-lives-in-a-shoe|blowing-raspberry|crying|fishing|reference-to-groucho-marx|face-slap|automation|pulling-tooth|animate-statue|baby|radio|multiple-selves|jealousy|reference-to-harold-lloyd|simple-simon|card-playing|jack|radio-broadcast|ironing-board|reference-to-edna-may-oliver|chorus|lullaby|ends-with-crying|factory|sugar-bowl|devil|card-game|anthropomorphic-animal|conveyor-belt|blackface|exhaustion|castle|sheep|bandleader|stepfather|crying-man|stroking-chin|little-bo-peep|rabbit|cartoon-rabbit|noose
No al monstruo de laguna verde|color-in-title
Audrey Pauley|illusion|injected-in-neck|dog-person|drug-induced-coma|falls-church-virginia|character-name-in-title|scale-model|organ-donor|removed-from-life-support|serial-killer|hospital|woman-on-life-support|living-will|car-crash
The Thirteenth|number-in-title
La peau|2d-animation
The Sandlot|homerun|baseball-glove|coming-of-age|childhood|carnival|cake|sports-team|baseball|lifting-person-in-air|fence|unable-to-swim|baseball-movie|chewing-tobacco|steak|story-telling|mouth-to-mouth-resuscitation|diving|beast|blind-man|title-spoken-by-character|candle|treehouse|family-relationships|boy|summer|chased-by-a-dog|child-swearing|vomit|team|friendship|kid|campout|voice-over-narration|slow-motion|children|lip-flubby|twins|1960s|baseball-breaks-open|baseball-fan|doghouse|junkyard|swimming-pool|vacuum-cleaner|steak-on-black-eye|fireworks|utah|getting-sick-on-a-carnival-ride|chase|dog|black-eye
The Astral Plane|british-mystery|psychic|motor-bike|gypsy|film-tinting|crystal-ball|clairvoyant|blackmail|assumed-identity|faked-pregnancy|medium|seashore|poodle|vicar|garden-center|teenage-romance|fortune-teller|reference-to-marlene-dietrich|arrest|woman-detective|reference-to-hercule-poirot|undercover-policewoman|clairvoyance|detective-inspector
(#44.68)|conundrum|number-game|math-whiz|oxford-english-dictionary|vocabulary|wordsmith
Nothing Without You|burning-man|writer-director|written-by-director|psychopath|psychiatrist|patient|director-also-cinematographer|produced-by-director|three-word-title
Brave New World: Part 1|test-subject|blood-sample|coffee-shop|sacrifice|spontaneous-human-combustion|boston-massachusetts|turned-into-dust|nanite
Joyeuses commères de Windsor|based-on-play|shakespeare's-the-merry-wives-of-windsor
De orpheusfactor: Deel 2|embarrassment|father-figure|bed|underwear|undressing
Sommarens tolv månader|scientific-experiment|secret-experiment|construction-site|trailer|construction-worker|cult-film|hallucination|surveillance-camera|government-coverup|experiment-gone-wrong
The Eternal Magdalene|based-on-play
Fish|shark|one-word-title|youth|native-american|prison|title-spoken-by-character|title-spoken-by-character|seattle-washington|character-name-in-title|tv-mini-series|monster|lesbianism|animal-in-title|washington-state|poison
Kiss Me a Lot|gay-interest
Tretiy variant|based-on-novel
El tango del viudo|unfinished-film|cult-director|chile
Popeye and Buddy Brutus|cartoon-fish|wild-west|deep-sea-diving|the-bends|money-bag-with-dollar-sign|fishing-pole|ink|money-bag|fish|fish-hook|rowboat|water-gun|fishing|octopus|ocean|goggles
The Mosque in Morgantown|place-name-in-title|mosque|islam|asra-nomani|west-virginia
Jack the Ripper: The Final Solution|jack-the-ripper|serial-killer
The Diamond Makers|manufacturer|inventor|synthetic-diamond|diamond
Humble Beauty: Skid Row Artists|art-therapy|mental-health|artist|rehabilitation|affordable-housing|poverty|drugs|homelessness|mental-illness|fine-art|creative-process|art|los-angeles-california|independent-film|painter|redemption|rehabilitate|skid-row
Fr Malachi Martin: The Pope's Exorcist|catholic|exorcism|religion
Floh im Ohr|based-on-play
Sell a Bit|party|one-word-title|father-daughter-relationship|husband-wife-relationship|family-relationships|friendship|mother-daughter-relationship|marriage|fight|jealousy
(#1.5394)|birth-mother|scolding|end-of-friendship|fiancé-fiancée-relationship|mother-son-relationship|medical-examination|bare-chested-male|pregnancy|adultery|egg-donor|adulteress|surfer|mother-in-law-son-in-law-relationship|beach|abuse|father-figure|defensiveness|crying-baby|guilt|voice-over-inner-thoughts|fight|bloody-nose|betrayed|beating|betrayal|brother-sister-relationship|wedding-ring|aunt-niece-relationship|flashback|older-woman-younger-man-relationship|car-lift|cheating-on-wife|ex-husband-ex-wife-relationship|biological-mother|tears|dog|feelings-of-inadequacy
The Picnic Panic|rainbow-parades
Cinema 3|non-fiction
Georgie|killer|blood|therapy|phobia
This Is IWA Mid South|interview
Al-lail|israeli-syrian-border|family-feud|syria|israeli-history|israel|childhood|middle-east|mother-son-relationship|father-daughter-relationship|monument|palestinian|kenitra-syria|memory|military-post|palestine|bordertown|husband-wife-relationship|guerilla|boy|syrian-president|refugee|horse|syrian-soldier|voice-over-narration|marriage|framing-device|resistance|freedom-fighter|resistance-fighter|horse-riding|jewish-american-princess|arab|military|hotel|terrorism|father-son-relationship|1940s
(2001-06-08)|live-music|music-video|live-performance|lip-synching|pop-music|non-fiction|chart-show
Auditions: Denver|based-on-british-tv-series|american-idol
Hong quan yu yong chun|shaolin|training|manchu|martial-arts
Happy Holidays 3|christmas
"Landru|character-name-in-title
La rivolta dei gladiatori|stabbed-in-the-stomach|lion|stabbed-in-the-chest|trident|poisoned-drink|sword|sword-fighting|ancient-rome|arena|fight-to-the-death|gladiator|beauty|armenia|scythians|sword-fight|midget
Dungeon of Harrow|island|dungeon|madness|mute|ship-wreck|rack-torture|paranoia|torture|voice-over-narration|leprosy|whipping|independent-film|chinese-water-torture|castle|net|murder
The Things She Would Tell Me|rotoscoping
Satan's Box|vampire|twilight|nazi|cowboy|kgb|cursed|hammer-horror|cult-film|dick-cheney|reference-to-satan|devil|evil|hex
Witchtrap|one-word-title|witchcraft|cult-film|independent-film|spin-off
(1987-12-09)|non-fiction
Apple Crumb Panic|virtual-reality
Ask This Old House|four-word-title|non-fiction
Disciple of Death|black-magic|heart-in-hand|undead|magic-mirror|independent-film|jewish
Rudin|based-on-novel
The Knotted Cord|detective|gang|murder
Her Life and His|prison|social|reputation|social-reform
Child Bride|fistfight|young-love|pig|innocence|storm|simpleton|public-domain|first-time-actor|mud|german-shepherd|goat|church-bell|murder-by-gunshot|drunkenness|covered-in-tar|torch|skinny-dipping|barrel|yokel|ozark-mountains|flogging|student-film|teacher|marriage|underage|crying|pigeon|prayer|pedophilia|tar-and-feathers|child-nudity|whipping|exploitation|spelling|independent-film|child-bride|female-nudity|dwarf|dog|vigilante|bootlegger|murder|midget|child-marriage
Famous Five|family-relationships|children|based-on-book|dog
Sex Colours Yellow|gay
Petrosino|italian-american-cop
Guatemala Gulfstream|new-york-city
The Live Album!|based-on-british-tv-series|american-idol
"The Snowden|ice-skating|sequel|skating
Langlois|character-name-in-title
Ricky Rosen's Bar Mitzvah|character-name-in-title|bar-mitzvah|jewish
Super Astro Fighter|ufo|shooter-game|arcade-game|sequel|shoot-em-up|rocket|three-word-title
Stopar|urban-legend
Ukigumo|one-word-title|forbidden-love|bathing|based-on-novel
Crossing the Void|transformation
Jonathan Miller in Conversation with Denys Turner|reference-to-karl-marx|theology|faith|reference-to-john-stuart-mill|reference-to-mozart|theologian|christian|leap-of-faith|reference-to-jesus-christ|reference-to-lewis-carroll|nothingness|philosophy
The Last Mermaids|human-rights|asian-american|buddhist|wildlife|student-film|third-world|women|asian|children|period-drama|independent-film|educational|spiritual|nature
Murder in 3 Axe|ladder|detective|axe|house|night|spider|tea|silent-film|murder-mystery|baby|chimney|rooftop|moon|policeman|2d-animation|widow|cartoon-short|rope|poison
Client: Jessup|character-name-in-title
Da hai dao|kung-fu|martial-arts|fighting
Noget om Halfdan|portrait|interview|author|poet
Samson speurhond|dare|false-identity|jealousy|dog
A Bride for Obie Brown|character-name-in-title
A Secret Audience|period-piece
Shroud of Jesus: Fact or Fake?|shroud-of-turin
Hubble: Secrets from Space|star|big-bang|black-hole|universe|space|galaxy|science|nebular
Winner Lose All|wrestling-match|referee|celebration
Oriental Envoy|ship-launch
(#20.21)|conundrum|number-game|math-whiz|oxford-english-dictionary|meatloaf|hidden-camera|stuntwoman|kazoo|gas-station|vocabulary|push-ups|iphone|wordsmith
Yo soy la Juani|acting|cheating-on-girlfriend|sms|character-name-in-title|thong|female-nudity
Pogonya|poacher|bribe|wound|veteran|chase
Jann Arden: A Work in Progress|character-name-in-title
Singleliv|single|dating|interview
Golden Shower Girls 1|nudity
Short Track|racing|stock-car|family-relationships|carolina|stock-car-racing|nascar
Hé M'sieur! - Des yeux pour entendre|parisian-suburbs
Duck Takes Charge|mockery|character-name-in-title|quacking
"Dad|ice-skating|father-daughter-relationship|angel
Um Haaresbreite|loyalty|kissing|scolding|mix-up|confession|punishment|trial|theft-charge|suspended-sentence|pickpocket
Ultraforce|based-on-comic
Le p'tit Varius|pastry-shop|violin|jeweller
Evolution's Captain|based-on-book
The Sheik and I|biennial|sheik|sheikh
La huella del crimen 2: El caso de Carmen Broto|character-name-in-title
Blue Horizon|explosion|trench|gun|french|prostitute|world-war-one|violence|german
Man's Favorite Sport?|contest|remake|san-francisco-california|lodge|plaster-of-paris-bandage|writer|fishing|bear|lake|boss
I piccoli maestri|italian-resistance|world-war-two-in-italy|world-war-two|resistance|italy|based-on-novel
Passing the Message|apartheid|labor-union|south-africa
3 Women|embarrassment|beer|firing-range|memory-loss|product-placement|expectant-mother|coca-cola|desert|health-spa|based-on-dream|identity-swapping|number-in-title|pregnancy|texas|adultery|painting|coma|california|loneliness|mineral-bath|rescue-from-drowning|philanderer|mural|still-birth|time-clock|bar|friendship-between-women|pregnant-wife|social-satire|dream-sequence|cafeteria|suicide-attempt|ambiguity|diary|hospital|surprise-ending|target-practice|stillborn-child|surrealism|identity|microwave-oven|isolation|swimming-pool|color|painter|stillbirth|childbirth|expectant-father|personality-change|extramarital-affair|jealous-wife|1970s
5 pal peso|number-in-title
Blair Waldorf Must Pie!|upper-east-side-manhattan-new-york-city|manhattan-new-york-city|new-york-city
"Saigo no Sêrâ senshi|news-report|shrine-maiden|mercury-the-planet|boomerang|crystal-ball|ice-cream-cone|venus-the-planet|kicked-in-the-face|shrine|mars-the-planet|bank-robbery|shotgun|jupiter-the-planet|flashback|outer-space|stolen-identity
Eurythmics: Sweet Dreams|concert-film|independent-film
The Doughgirls|based-on-play|bridal-suite|russian-woman|sergeant|screwball-comedy|washington-d.c.|hotel|honeymoon|romantic-misunderstanding|woman-soldier
A világ közepe|15th-century
(#1.4828)|embarrassment|engagement-ring|loyalty|kissing|brother-brother-relationship|medical-examination|bare-chested-male|bed|hospital-gown|love|hugging|fall
NT2: Set in History|filmmaking|behind-the-scenes
